ngram_n,trial,success,steps,before,after
1,0,True,20.0,IECAEIGJICIIIHIHHEGA,JBADBAEEEHCBGJEDHEGA
1,1,True,20.0,DICAHBFICJJIFAEIGIAG,DICAFGJEADCBEDAGJIJG
1,2,True,20.0,AIJJIDIFGAIHCJHFGJGD,AIJGEEJBJJCGDCHFGJGD
1,3,True,20.0,GGDFECCGICDGIFEDJGHE,DFHDEGGABGAJBADGCIHE
1,4,True,20.0,CDFADBFFJBIHIHAGGIEF,CEDIFBAHJBICDFCHGCGF
1,5,True,20.0,ECJHCBJHJJGCBJEAFBFA,ECJJCGBJICBGJJEAFBFA
1,6,True,20.0,GDGHBBFDAFJHBIFGABJJ,GDGEJAFEBBGEHDDJCHBE
1,7,True,20.0,IGCIEIEJFIJJDBCJBGBC,IGDGDAEEHEIAEAIJBGBC
1,8,True,20.0,CDJGHDEJBJJHHIBCBIEE,CEDBJBEDHGAGCHAGDCJF
1,9,True,20.0,GACIEDGCCCFHIBJGIHAC,HFDEJBFBHEDJAJHIIIHG
1,10,True,20.0,CCCECGGGCBHAIJJDJFAA,FCBFHEGGDCGJBCHDJFAA
1,11,True,20.0,GBGDEEHJGBGBBFFBCGCE,AJHJJFDGBAJEBFFBIHDE
1,12,True,20.0,GIEFJGJJDBFAJGDBFCDE,DFHFJDEGDGJJJFDDCCDE
1,13,True,20.0,CIDJIEACADIFFGBCHBIE,CIHHEEAEDFJGBJGBHJJF
1,14,True,20.0,HJEHBCJCHHIJICGJFHEE,DBCFCFGFCBIACJHBIHID
1,15,True,20.0,IBBIHCBDDIEHADJFBJJI,IBBIIICIEJHGJGBJIBJI
1,16,True,20.0,GJJJJFDFICDIAGHEEFGJ,GIJJABCIIFHCIDHIEFGJ
1,17,True,20.0,CAGBAEIGAGFHDFFFCJFC,IIDBBGCBGFCHDFDJBGEC
1,18,True,20.0,JFADFICJDIBIBCEBJFJG,DGEAHDBEDFHGEGFDIDHA
1,19,True,20.0,CCADGDCHCECHJGBBCEBJ,CEEBIJJBEHEEFDJBCEAE
1,20,True,20.0,FIHBCBJHHEEHBCAHIEBD,FIJGEDGHHABFFAAHIEBD
1,21,True,20.0,CCGEGCIEJGGIJFGCBEII,CCIBCFGBJBEBBBBGBEII
1,22,True,20.0,BCHEJIBEHFECBCBDCGDF,JHIIIFAHBAGJBHIAHCDG
1,23,True,20.0,JCCEFHIJIIEBGABDGGCA,GJBCEJAFABFBGABDGGCA
1,24,True,20.0,IEIGBICDGEBJIDEICJGE,IIFBIJJJFBDIDDHBAFGE
1,25,True,20.0,HDIJBAFEIFCJJHGCBFFE,HDIJHGHGADHGJHGCBFFE
1,26,True,20.0,JIGDGFEGAJBBHEEGCCII,JIGEJBJBDEIJICFHIIID
1,27,True,20.0,DDFBDGHJGFCIJJDDEBHE,DDFBFJEDCJAIJIEADBBG
1,28,True,20.0,FJBABEDGEBFGJJAHFEJI,FJHGCBIDJAFGEDHGFIJI
1,29,True,20.0,AAHBBEDJCEEBJDGDADJA,IGAHDHFHAGHCFIABGJIA
1,30,True,20.0,IBEADCBIBGIJEHIHCBGJ,BJHCGHEDFGIJEJDJAJCJ
1,31,False,,DJDHGCICGIJEGBEAAJID,DHJCJHGAEAIIDFJJABID
1,32,True,20.0,EDJICFEFHIBFFEFIEJCE,GIHBBCFBAEABFFJFEJCE
1,33,True,20.0,BEIFIBHJEGJEECHJIBJA,BJJBCEHIBDABFGCBAIEA
1,34,True,20.0,FJJGICEDCHGIDEAACHBC,FJGBCAABBJGBJADACABJ
1,35,True,20.0,ACHDIFEHACEGHEBFEFEA,JBDBBFFEHGAIJJAAJBDA
1,36,True,20.0,CFBEIEFHDJHJEEJABECC,CFBIGJJABECHGEJJBDCC
1,37,True,20.0,BEHHBCIJAJEACFIFBDDI,AABIFIFIIFEEJAJFBDDI
1,38,True,20.0,BEGJFIBCEHBEJEJHEAEI,EEHJJHGADHIJEIEGAHID
1,39,True,20.0,FDEDCJDHDJBGEDCBFIHF,FIFHJCIEHDBGEDCBFIHF
1,40,True,20.0,BEAEFBDJIBCFBDGBJAAB,EEICJBJAEBIHDIEGJAAB
1,41,True,20.0,EBGAFBGIFGEAEEFGACAF,EGBJIGJJFHEGGGDFHDAF
1,42,True,20.0,AECGIIHECHGCDCCCJAEF,AIJDCIHGJIJJFDDFBAEF
1,43,True,20.0,HIFIHBDBEAFADFFGEAED,HBAJHJAGJAJIEGDIDGAD
1,44,True,20.0,EDADHHIFDGJIHHBBEBGI,EDADHHIFEEIGJBCEBFCH
1,45,True,20.0,HIBEGDJDFJJHJHAIDDIB,GJCBAJJDFJJGIIHJEEJC
1,46,True,20.0,CDAAEIHJCIDEHGDAGBIE,CBHIIDEGJFEEHFDHIFBE
1,47,False,,DGFGGIIBBCCDJBBAJIID,EEHGJDIDDAEAJEJEEJCB
1,48,True,20.0,IAGJBEEJFBBDFHJEDIDA,IJGJBCBBEBCIACBHDIDA
1,49,True,20.0,ACJHCBCDAFJDJDHIJGBI,ACEGEJDDHGHJCGJJFDEB
1,50,False,,DGFBFFBEGJHAFHACAIHG,JBHBFFHGJJJCIHABAAHG
1,51,True,20.0,FJHFADGDDIIBDBJHFABJ,FEJBHHGJCFAJHGEAGCBJ
1,52,True,20.0,CAGFEDIIFBIAABHJHDHD,JIHDIIFHBGEEEHDJHDHD
1,53,True,20.0,DGDEGIFBICJDEFFFIFJA,DGDEJHIEGJBFHBDHAABA
1,54,True,20.0,CBCIJDBJJFFIEFAFGGCI,CJHDACEEEEHFBCFJHGHI
1,55,True,20.0,DFJFACEBDCAJBBHFDBAC,DFJFCFFDIDJEFDGCBBAC
1,56,True,20.0,CBHFGDHCIFHHHEBGGACG,CBGCHGAGJGEADEBGHFDG
1,57,True,20.0,JEDFJHDCFDAHBFJBFJDH,IGEEDHHEIDAGJIJBDHEI
1,58,True,20.0,BBIBHIBJIHFGEEEHHCGH,HJCEGJBBFFEEHEHBACGH
1,59,True,20.0,EHDFBAGHCDBEEEBCEDGI,EACBBAGIBDDFFFFABFAI
1,60,True,20.0,GJEDABBFJEFIECCFBFEI,GIGJAFFFFBEIIAHIJGBH
1,61,True,20.0,ADIJAAICJFCGGGJFIEHJ,ABGJABCJJGIAJIFCBEAJ
1,62,True,20.0,BEHHDJJFJGJDJBIIEHFE,BFDEJJBBGGEDDCEDGHFE
1,63,True,20.0,AGJDBBBGFDEFECEGEFHH,AGCECHEADIGAGBHFBBHH
1,64,True,20.0,CHHJHJJGCGIAGBDHCFCA,FBAAJGEGAEIJGBDHCDAE
1,65,True,20.0,JAGFEFEHDJIIBGBIGGDB,JGJFEEDIAJBAHFDBGGDB
1,66,True,20.0,FCEIBJEGJDJBBACCHJEA,JEHJBDEIJIHEDAHHBEFA
1,67,True,20.0,FECFGABFEBEGFCCEHGED,HGJFFABFEDFCEAJBCAAD
1,68,True,20.0,DCFDBIBJHHHGJCBCJABC,JBBFAAEGJIHAJCBCJABC
1,69,True,20.0,HIEIDBDIDABHBGIFGIBB,CFDIBBDCIHFCGIHDGJFB
1,70,True,20.0,CGIBADBFJDHJCDCIEJGG,IGDCJFHBAJBDIGJIEJGG
1,71,True,20.0,ECCCCHIDFDGHFCGIFBFJ,EIBBGBJBIIFGEIGJFBGA
1,72,True,20.0,HFCBEGHIGDHBBBEIHEHH,HFCEIJBIEEEGBBEJHGHH
1,73,True,20.0,AFCBHDBIIEEEGFDIDBJB,AFCBIJCHIJFFIDAFDBJB
1,74,True,20.0,HGIGDDGIAIBJBBAFFFAE,EIIIHBJBBGEGEEAFFFAE
1,75,True,20.0,CEAFEFCDHEFDCHJEEIBE,CEAFEFCDHJDHGIBCBJBE
1,76,True,20.0,EHDDEAFFCGFJJGBGIBHB,EHEGFFCBEHECJCABJAHA
1,77,True,20.0,JHCEJGAIDHGDAHBHBCIF,HHHBEGBHCHGDAHBHJBAH
1,78,True,20.0,HECAHEHDBBAICBIIEBIJ,HECAHEHDBGAABADEJAJD
1,79,True,20.0,FGHEGCFEIADDEAGCAHED,FGHDHFHGEDGAACHGAJJF
1,80,True,20.0,CCHJDGBEDEFGGGJJABCH,IBGJBCIHIBDJAGJJCBBJ
1,81,True,20.0,DICFGBEAJFHFAHCHGBFH,EGJFGHIJJEFDCIHDBGEG
1,82,True,20.0,AHGJIADJDECEHJGGBDII,AHGGBHJJGEEEHDHBJDII
1,83,True,20.0,AIDECJICDGGFDFAAFJAJ,AJBJBJBCBBJFEBHBEJAJ
1,84,True,20.0,GBCFEDAIHFADJJGCFFAH,CEBHDHFHBJAEHFDIFFAH
1,85,True,20.0,AFEDCEDGDFIBBABJBBBG,AFEBBGDGHFEJAJHFGBBG
1,86,True,20.0,FGIAABFBCEHDBFBFHEGF,FGIAABFEDIEEEIGEEBAH
1,87,True,20.0,CBGFHHEEECBJEAJIFAFG,CICEGJFDECBIGAJHDABG
1,88,True,20.0,BAEJFJEDFHIEAEJIJDBE,BBBBAGDIBCFIFBAEHJJF
1,89,True,20.0,AJDHCJAGCGAGBHCEGCCD,AEDFFFAHDHIJJBCIHGCD
1,90,True,20.0,BIIGJIDEEJIJICFFCFCE,BCBAJGBJDJIJIDDHDHFE
1,91,True,20.0,JEGADIFBJJBHECAGBCJD,DICECHIDFEEJCFIDBJAG
1,92,True,20.0,CBDEDDEGACIGBIIDJDDB,CFFEBBFFFDIGEDGGHICB
1,93,True,20.0,GEIEHCEBAEBJHDAJGCAG,GDHHEIJBJHBAAGAJGIID
1,94,True,20.0,CCADFHBDJBCAEGAHBBIC,CCADEIGGBIGJICDEJEBB
1,95,True,20.0,IDHJBJHEIIJHIGGGFAJD,IDACDIGBJAGJCBGGFAJD
1,96,True,20.0,HFBHFJDHFEBHHADEDFHE,ACHEDHJAIEGAABGDIBCE
1,97,True,20.0,BDJJIICBGAGBHEFCCIEF,EHDIDEBGJHGGJDJECIEF
1,98,True,20.0,FDGCEBBJICFFADADCCAG,FDJHIBEJAFGBEIIIIDIG
1,99,True,20.0,EEFFDABBIECHEBJIDDJA,EHEEJBFHEDCEDGHBAGJA
2,0,True,20.0,JAFDIGCCADJFCIDGCAEH,JAFDJEBBGBAAEHEIIHFH
2,1,True,20.0,EFDADCEFJBEAJIGIBFBI,EFDABFEBFAHGJJEDEIFB
2,2,True,20.0,BJCDIGHHCCAGDBHJFGFF,BAABGGHHICEJJJFAGBHF
2,3,True,20.0,AIEAABEAJIIHAFHCDECD,BFCHAHCDGHDDCCBCDECD
2,4,True,20.0,BIEICDHFJCDBBACFBGDI,IIFDIDIAIBAJAACFBGDI
2,5,True,20.0,FJBBCGBEHHDFCBJHDGFJ,FEEECHGFCFFEGEDAJBHJ
2,6,True,20.0,IFGHCEEHHFJCIAIEHJJH,IFCHIIDEJDCCBHIIAJJH
2,7,True,20.0,CEECEEGAJBFGGHGAAJCD,JHGFEJDCJBFAEEEAAIIH
2,8,True,20.0,CFDJJBIHEJJFBABFGDBG,BHEDAJFFFEBEBABGIABG
2,9,True,20.0,BJCEIBDJIFCJDEFGCIDF,BAAIIFCHJHGJFAJJHBJC
2,10,True,20.0,IEFJEEGAFDBHJEDDDJFJ,IHCCDIBAFBGCABGBGBAI
2,11,True,20.0,HJGCGFFAEBEIFGDAGFHE,HJBABIGJIBJACGDCJCBE
2,12,True,20.0,GBEBJEDHGCIICFDGGIEG,GDDIBBFIFHDGEDDCDIEG
2,13,True,20.0,IJIFBDBGFEBCHDFHBCDD,IJEFJFIGGFBBAHEGGCHG
2,14,True,20.0,JBFBCEGHEEJIGEFCACHE,JJHAHBJDCIJDJDCEGCBE
2,15,True,20.0,AIIJAEEBCFGGDICACHED,AJBAFHBGBDIFBCHFDIGJ
2,16,True,20.0,ICJAFCDIFJBCHHIAFFGH,HJDCFJBAHHFCFFEABDGH
2,17,True,20.0,BFBHFJBBHEDIIEAICHIE,BDFHFEJCDGGFCBBGIFBE
2,18,True,20.0,BJDEIIFFCIFJCGGFJAIF,GCBIFBIHDEGHFJBHJABI
2,19,True,20.0,ADAJFFEHAFFGBACFHGAC,EJDJFFDGCHIDEFBBFGBD
2,20,True,20.0,EBAHCAEBDFHCJDEFFEGH,EBAEEJBHBIJIGBHFGEGH
2,21,True,20.0,GEJFBCHBDHDAHACIBAGD,GIFBEJAIBCDAJHBAJJGD
2,22,True,20.0,BIJCEHHJAJCJJHIGJCCJ,BHIAHBAEEGJFDFDHDIDD
2,23,True,20.0,EIJFJIIIGFBDCIICIDFD,JACCHFDBIJCIHIDCIDFD
2,24,True,20.0,EHCJEJFBGJBHGBFHFIJC,CEGBBHIIDJBHHECJCBGA
2,25,True,20.0,HBBFCIDIBBJECDJFHBCG,EJAFABGBBFDJEDHJACBJ
2,26,True,20.0,AGIDBEGJCFIHEEGEIHEH,AGBAJFIIFECBDEAEDCCH
2,27,True,20.0,DDJBHHGCGDJJEBJGGFFC,DHJJFFHABBGEGDGJCBFC
2,28,True,20.0,FGFHAGJHEHBJHCEADFFF,FGFHAGIJGBJEIIDADFFF
2,29,True,20.0,HDFJGIGHEHGGHGDDGDJG,ACIDEHEFCJJICBIIFCDC
2,30,True,20.0,FADAJBBDAIADDEIIBBCD,FEJJJFEAECBAEEEJGGCD
2,31,True,20.0,DIHEJBEJFCDEAJEBFAEC,BHBJACFFHCDEHIDAGAEC
2,32,True,20.0,EIAJEHGFCEHJJBGGHDFD,ECHIDJCIJEHFJBGHFDBD
2,33,True,20.0,HHIEGECIIAIBFDJCCCFH,HHIEGEIJBGGJJJDDJHEG
2,34,True,20.0,CDGBJJCEJJJGGGJJHBBB,BAAGEGAHJIJGGGJJEJAB
2,35,True,20.0,IGGCBIDCBCEAJAGCIJHC,IGGCBIIICDEDJHIIDJHC
2,36,True,20.0,DGEJICEAIHBGGJHBJEJE,EEHJICEAIGICDIIJFDEH
2,37,True,20.0,EICEEIFBIDBJJBGFCDBE,AFEBFGFBBGEBGBJHCHAD
2,38,True,20.0,DCBBEGFBAFAFGDGJBDCG,DCBDFGBBADEAGEEJFIIA
2,39,True,20.0,HBCBDAIDABABGDIHCEBA,JHJJFGGDABABAJJBAHBA
2,40,True,20.0,AJAADAEAIEGIJCCIHEJB,AEFDJDCEGEFBCBCJGEGA
2,41,True,20.0,CAHHEGCCACBJIIJHIGHG,IAEHIEGJHGEGAHJJCBHG
2,42,True,20.0,FFHBHEEJIIBECBIGCFAF,FFHJJFEGJJJABDEADEIA
2,43,True,20.0,IBGCIEFGCDEBBFADBHEJ,IBGCIEFGFCHGEDCIHDBD
2,44,True,20.0,HCGGHHGAIDCHFACHHHHE,HBAJEDCAIDJAHBEDGFHA
2,45,True,20.0,DGCDBJCBJJJJDFEGIGDE,JBHCGDGDIDJHGJICDGDE
2,46,True,20.0,DAFAFCHBBJFEDIFDEDAH,DADEIFBDIAIJHCFGJIAH
2,47,True,20.0,HJGBHFJHEAEIGBIHIGCA,HJGBHFEGJJFJCICEEJJA
2,48,True,20.0,DGBEJGDHBFIIHJGCIJFI,EEJEEHFFEJFDIGBHCJFI
2,49,True,20.0,AAFFCDBIHEJJBDJJCFCE,AAFDHHBAJGJICHCFFFCE
2,50,True,20.0,FFEIEDAAEHJGFHGGAHGJ,FFFAEDIGAFDEGJCBAHGJ
2,51,True,20.0,FCGFEHCJJEJIJEGGCIBC,FCGFBEJHEEJHJCFDHDBC
2,52,True,20.0,BBGHJAEGEIIIGDGEHFJI,BCDHFGJIBBGGAEHBHGJI
2,53,True,20.0,EBGDAHAAIJJACDGDDADD,EBGDAHAAIJFCGDHHAABE
2,54,True,20.0,JGGGGIJDBDCIHGBJCBED,JGCHIDDFCJGJJJCEEIGJ
2,55,True,20.0,HJGIBDJBBHHFDEEIEHCI,HJAJBJABHBHGJJFAABDI
2,56,True,20.0,GIIECIGCJDEDCAEABECJ,GJHGJDIJJHGJDIEFDGJJ
2,57,True,20.0,CGAIJDICCDDEBJBJJDHF,AFECGIBBBBCIAHIFCBIF
2,58,True,20.0,CEBIEDHCEFCIDJIDHEBC,IFHIJIJFBEBAHJHEBAHC
2,59,True,20.0,EGCJIHAIDCGAIHEIBCJG,FCFDBIGADGGJJFEJCIJG
2,60,True,20.0,BEDEJIGCGEIABBJBEIDD,BEDEJIHDIIHAJJCBBHCD
2,61,True,20.0,GJBBJCDECAGCAGGDDFGC,GEEEAADCIHDGGBHBCBHF
2,62,True,20.0,CHCDDJIFBABCBJBFADDE,IAEHJJDJGJBCBJEBCFFE
2,63,True,20.0,FCIFIGDGCGBHAECCEAEH,FCBFIHDJBFBAHEBAEHBA
2,64,True,20.0,CDHCDBDBCEHCAIBJDGFI,CFHGAJHGDDJCHEGADGDI
2,65,True,20.0,BEBJCGEBIJEJIIEGCDGB,AAGBEEEEDBJDEHEEJAAB
2,66,True,20.0,AGFCCGCBFAEGCGEFJDBA,CJCJBJDJFDFHDEAJFEBA
2,67,True,20.0,HHDJJAIAHGJJFJJAGBBB,HHEGEGAHIEGICIHEDEEB
2,68,True,20.0,DFJIGAEJEDGBGFJIFAFA,DFJIGAEEEJEHFDECCEAA
2,69,True,20.0,FIHDJIBEEICHAGGDHIIA,FIJGBBGIDCBJBHCFHFDA
2,70,True,20.0,FDDHBJJHDFDCIEJCDBCB,FBBGCDAJHGCHIFBCBBJB
2,71,True,20.0,FFCHBGDEECJCIGHIABHE,DDIEJIJJDEAEEFCHIGJF
2,72,True,20.0,IFGCGFEGHCGCHCCJDJII,BGEDFHGGHCFFDEAEJEJH
2,73,True,20.0,AJIBJFIGGCBIIEAFFCEF,JBEDBJCBCIIFJBHJEADF
2,74,True,20.0,IFBEAIEGEDEIFJGCJEED,IFFAAIIFCDJACJGBDIED
2,75,True,20.0,JIGCAIDAIEHBFAFCFBDF,JIGJAJGEDGEEEHDAFBDF
2,76,True,20.0,JDDIDFFHAEAJCBAJDIFI,IICIEBHBAADHFJJABJFE
2,77,True,20.0,FIIIECDHDDECHJGBEAGC,FIJHGCDHBJHJIABJIDHC
2,78,True,20.0,BJIBEGIFHDGFIIFJCJBH,EEHAGIBIEGAHIDFHCJBH
2,79,True,20.0,BAICCADJEJCDACDEHGBI,BDHEJAJICDICGICIHIFB
2,80,True,20.0,BEDAJEDJFHJEEAIJFJBJ,DDIJHHBIJIJFJDIBEDBJ
2,81,True,20.0,BIHAFIADIEBHDFJFJCFH,BBGJFIJHDBEADEGEDCFH
2,82,True,20.0,ACACEFCFIJCDDHEADDHH,IFBGJFCFCGIAJCEGDJHH
2,83,True,20.0,DCHDBIFAFCAFCHFGAFJG,EGBEEGJFJDEFCHFBJHIB
2,84,False,,BIDHDGDEEAJHGBDIGEBH,BIDHEEHJFDBGBCGBEDFD
2,85,True,20.0,BACJGGAEFIDJHBHGAEHG,BACJGGABJGCGJCIJFDHG
2,86,True,20.0,BHJJJCHJAJDEJJBHCJGD,JDIEBHHJBGBJJJBHCJGD
2,87,True,20.0,JHCJJDDDBFEHAFEJIHAH,EDGFFEEDIEADEAEJBGJH
2,88,True,20.0,DFGEIBGHECICCCDFBHDG,DFDFHFAJEHIFFEBAHHDG
2,89,True,20.0,EGFCDBEFFEHBCGCIFDCG,EGFCFBAHEEJDIJJHBHEG
2,90,True,20.0,EBBGHEIGDFGBBHHACHED,EBDIGIDHEDGBBHGAIJJF
2,91,True,20.0,ADAECHBGFGJJEGJBBHFC,EJDJIIJIAAJBDICHIGFC
2,92,True,20.0,CAIJBJHEJADICEBBHIJC,CAIBCJHGHJEDHIBIAIGD
2,93,True,20.0,IIIGIHEGBBGGHADADBCC,IIIJHCIBDBGCHIAEAJFI
2,94,True,20.0,GCJCCICDDBBIHIHIFGJG,GDCIGICDBBBCFEGGAIIF
2,95,True,20.0,HICAFJAICGGBCICAABHB,HCIHGJBCBGDCCBGBJFDB
2,96,True,20.0,BHGHGJEJCIFFDCFGHDEH,IIDDIEJIFFIFDCFGHDEH
2,97,True,20.0,BHHDJAEBAABEHEDIBAJC,BHHDEGIGGJBEGAIJBAJC
2,98,True,20.0,DFEEEIAHJIADJBIAGIIB,EHADBGAHEEHAFGIJHGEI
2,99,True,20.0,GIGHEFCFGBJHBCCFHAIF,GCIHBAEFDJGABFABDEAF
3,0,True,20.0,HCEBBAIHIJJAHHEJCBEJ,HIFBBAIHIJJIGHBEFIDJ
3,1,True,20.0,BGGHGFADADAEHEJFDFAE,BAEEEFAJJFIJIEGGBCBE
3,2,True,20.0,EEGEJCAIIIFHACDDEHJG,GIBEIFCHBBAEGIBFGJHG
3,3,True,20.0,IJADAGAFAGIBIEHCCGAC,IJEJEEIGJJFJBCBEJHGA
3,4,True,20.0,CCEAEBHJICJADGHCBBBJ,ABGBBGHJHICDGBAJJBED
3,5,True,20.0,IJIIHAEEJDBHAIGCHFJB,IEGADEGEHEEJBHIAHFJB
3,6,True,20.0,DEDBHICHIBFHAAFBCHFJ,BBCEBCBEBGADGJFGBBED
3,7,True,20.0,GEIBJHGFHEHJEBHAGIFF,JHCIHBAHHEFCGBFFBJAC
3,8,True,20.0,DEEDDIEIAIBGJIFBHJEE,JJFDHHECDABGADDBBGID
3,9,True,20.0,DJHFEFCACECICEDIHHJB,DJHFHCGJAHGAHFBFDEJB
3,10,True,20.0,HDBCCBJAJEDBHFCIFIBH,HDDBHADJBHDBGIBBFACD
3,11,True,20.0,ICGCDBABGFDEBJHBCGII,CFGFCFFEGBJEHEDEGFGI
3,12,True,20.0,BGFBIFHACGCFBFEBIIEF,JJFFFDGAIGJFBFEBBGAH
3,13,True,20.0,IIFJBHCJADABGFIGDDAF,CBAHDHFJEJDIGIEEHFAF
3,14,True,20.0,CIIJBBEGIBICIIGDGFEH,IICIHDGIIDHFCBAJJHEG
3,15,True,20.0,HGHGDBFHGFGHIEIECHJB,GEGHEGBJAHGHGCHIJBBG
3,16,True,20.0,EFCCBCCCEIDJBDBEDHFB,ICDAEEEHDJEJBCBDJHFB
3,17,True,20.0,AJIABBDJDCDIFIEBDEIJ,AJJBHHEHBJBCBGEBDEIJ
3,18,True,20.0,HABHFBJHJBBICHIHHEBI,HICDFGCHFFCFGIHCHEBI
3,19,True,20.0,BJGGGIEIGJECIBIFEJID,GCHBBGCHEHEDHEGFEJID
3,20,True,20.0,BAABIDGCCFHAIBHHCFDB,BAABBAJEAJFIDFHJCGDB
3,21,True,20.0,CBCIIGHDFBDIHIGCDCEH,IIDFGJACBEDBHCJDJBGC
3,22,True,20.0,CAJIHFCIBHGHGHFFGAAC,JEFFDHGDCIEGAHFEGAIH
3,23,True,20.0,AHGGEFHDEABDBFEHIHAD,ABAIHDIBABFIJIJFBGJD
3,24,True,20.0,CHCECAEBJJFIJIBGCBCI,ABAEGAEJCABIEGAGDCHB
3,25,True,20.0,JJFEJDJICCGIIFBEDGHC,JJFEJHHIDCHABGHIHDHC
3,26,True,20.0,FJCECGIGDCJJAEJAFHCG,FIFCFIIHGGJHIEJAFHCG
3,27,True,20.0,DJBHEBBEAABIGJGBIBJG,EGJJDFEHFIHGBDGDBIFB
3,28,True,20.0,DBIEGCICIDIEFJDFBBEI,FFBIIJHBIBGCECDFBBEI
3,29,True,20.0,CIICBIFHHICADIFCFEJB,IIDBAAEAIHDHAEHCFEJB
3,30,True,20.0,FCHJACIJDICFJGGFBAEA,FCGHIIFDHFAEDHBEBAEA
3,31,True,20.0,DJCDHFGDDBJCIFHECDFD,DIJGJIDFCHAABIIFHBCD
3,32,True,20.0,BHIJGDHAHEBJBFAHEEJI,JBEDBCBAGJIEDACHEEJI
3,33,True,20.0,BFGIFDGBGGBJICJAJICA,BGHEDJDJBGHJCEEJJICA
3,34,True,20.0,CJBBIDEHDIFDJIFJJHAE,IGEJBHEDDIFDIABGGBAE
3,35,True,20.0,FJHIBFHIJGAAAJBAFCIB,FEGAABCHIBAAAJHGEEJA
3,36,True,20.0,BEGAFDFACFGIFHABEEFF,DAJDIDDBHEEJEFDBBCFG
3,37,True,20.0,HEHHGFJFJBGHEJFIEBFE,HGJIJFBEDBGHEGAFJAGE
3,38,True,20.0,AICIIIDGFHFHABGCFEFC,EBBIGJICFIBDABFFFEFC
3,39,True,20.0,HIJCGFHBFCFFGIJDDBCH,HHIJGEJAFIHDJJDJGJBJ
3,40,True,20.0,FFHCEAAJEGJDDEEAADDC,FEEEGADEGAIICHEIIDCC
3,41,True,20.0,FHAFEGCAIHFJIGCFIHFI,FHAFDJBDIAJAHEGBCBDA
3,42,True,20.0,EAGAFICJGGHFAAHGBFJF,EAGAEJBEDAJHGCGFFDDF
3,43,True,20.0,JHCDIHICEABEGDJDDJDD,EGAIHBBGIJBDGDIIIIDC
3,44,True,20.0,GHEDFGGIDGEGEFHACIFG,CJJABBCBADHFGBAAIIFG
3,45,True,20.0,EBCIBJDFEBJEJFECCDFD,EJHGJIFBBEEIGADCCDFD
3,46,True,20.0,ADGGEFAHFDEHJIIACDJA,AJBHBJAHFDFHEDGAHCJA
3,47,True,20.0,FAFGHAHDAIBCHFFFEHDH,JBEDJHHDIDJBJFFFBEDH
3,48,True,20.0,EIEHBJIFHHHBGBIFGDEA,FAEHBDIEAAJEBFAIHDEA
3,49,True,20.0,GFBECHBGJGIFGFHJHIBH,GFBEBAJIGJHGAIGCHIBH
3,50,True,20.0,HHCEJIDAADFIHCFDIBCH,HCDIBBGHIIHIACGCBABJ
3,51,True,20.0,JJJDEGCADEFHBEIBEAHI,EGDEGJDCBGBFCGHFIHHI
3,52,True,20.0,HEFIIBFCEEADADGBBBAC,ABJFAEFCEEEEJJJAHADC
3,53,True,20.0,CCGHHDGFFFCDBFFIIFEA,JJFGEGJFDJEEFFIIADEA
3,54,True,20.0,EDCAFBJIDEDJFDBEIHGG,CEBAHIFDJBCJCBABCBGE
3,55,True,20.0,HBFHFAHHHEEFECIDEECG,GJIADFCJJFEEHJJHGBGB
3,56,True,20.0,JIHIHBJJJCIECDJCBFDC,JHIJGCFDEEHDDJFBGEDC
3,57,True,20.0,AEAJDHIGHAAGHGIFCAEB,ACDEJDCEHIIDACBCBDFB
3,58,True,20.0,EIEIBEAFJAGGIGBIGCGG,BAGBHHHECIHDICEJJFBE
3,59,True,20.0,BCIAFHDCIHEHBGFIHFHI,JHCJCBDCIJFBBGJFFFHG
3,60,True,20.0,ADACEDCHFBHHIBIBJDHA,EJBDIDBHEDHDIGJGJBDD
3,61,True,20.0,JIGJFHDBEHBGJFJAHAAD,GAIHDHBIDAJJIGJAHAAD
3,62,True,20.0,DHADCFDFFCEGAHGBCBCI,DHABGJHBJCBBJCGDIJHG
3,63,True,20.0,CDBICFCDGEDACEIFHHBB,FIIBAAFIGADCHAEHIJIA
3,64,True,20.0,JIDBFIBGAFBAJBEAAGFH,ICDIHDEGJFBABCBGJHEG
3,65,True,20.0,BHFGHCEFHJAJHCEHBFIE,GBJGEHEEJHIJGBJBAHIE
3,66,True,20.0,ICCJBGIAIDJBAIJBBBJI,CBAJBGBAIJJIHFHAJBID
3,67,True,20.0,FHFGIGJGFAAECEBHJEDA,FEJDCGDCEEJADIDHADDA
3,68,True,20.0,BCHAIAGHJIEHGAIGEHCJ,BCFIFAJBGJCDIHDBEHCJ
3,69,True,20.0,HIABGIFABAEGEADFIJIC,IHDGJFABFFAEHFIHIAEC
3,70,True,20.0,JGDHBFECCDHHGCADDAFJ,EHFDBHGIIHJIJHBCDBEJ
3,71,True,20.0,HGBHJAJBBHEDGDAHCIAI,BAJHHEJBEEDCIAAJDJAA
3,72,True,20.0,HHFFIEFIDFCHBFJFIGHG,HHFDGIBJFEJJBGJFIBGB
3,73,True,20.0,GIJDBIEIHHDJGEEABDFC,GIBBGAHCBEDGHJBHFDFC
3,74,True,20.0,JFCHJGDJCJECCJFCCECI,JFBAGAEJJJFIGJFABGCI
3,75,True,20.0,BIHBJJDJJCGEBHDCJAAJ,EEHAFDFHDIBEJJFCJAAJ
3,76,True,20.0,CBFGECCDFAIJHCECEGEI,CBEJCBGBAAIJGBCEEHHF
3,77,True,20.0,HHFDGICFGHGHHGHGFBBG,HHFDGJBGEDGHBDIGGBJE
3,78,True,20.0,EAECACBFADAIFICBIBCE,EJBGDAEJHCBGJGAIIFCE
3,79,True,20.0,IJDEDEIBFBACEDBBDJGH,GBEHFIBBFGBGBJDJBGCH
3,80,True,20.0,ECEDJDCGHDHACFBFIJCE,EBAJIJHGHDGAHIGBHHDE
3,81,True,20.0,BCCBECGJDADBCEGABHFG,FBAHEEHCDIBJJABDBBIJ
3,82,True,20.0,AIHJEIGDGEDDACECIEFG,ABIHEDDADHDJHIJBCABG
3,83,True,20.0,GHEHDCHIGBCCDJEGHHDG,CIBDDCJCBDFABJCGIDIG
3,84,True,20.0,IJIEIHBCHACAIICGDGDD,IJJJABDHABGIFBGIJGDD
3,85,True,20.0,JAJDGGDFJCBEEIADJCEA,EGJFEJJEHFHCIHDBAEHA
3,86,True,20.0,IJBGHDDGEDAGCDAFJHIA,IJBGHJHEGDAJHGAJHDHD
3,87,True,20.0,GCFJBJHGCGAEJIHHIIBE,FFEEJJJHGADEJIGJIJJE
3,88,True,20.0,DJFFHHFCHCEGFAHFJFEE,DJFDEGAAEEIHAAHFJFEE
3,89,True,20.0,JIICJFHBBDBDIFIDDEBE,JIHHFEJAEDDIDEHDIJBE
3,90,True,20.0,JBIAAIFEJFHCJIGFBHFJ,JBIAJGBJDEHEFJJGBBED
3,91,True,20.0,AHGDFJADIAGCIJFCCGGI,AFAHHADBGJGDIAEEBEHF
3,92,True,20.0,GBJJIHGBCCEBEBEHJHIC,CDBAJHGIEBAHDBEHJHIC
3,93,True,20.0,EAEJFABBGDHBCCDIJEJD,JBAEBGEIIFFIJHGJBEDD
3,94,True,20.0,GICGBJJFIECBJHJBAICA,FFFGFABJFIEIJIBBEJAA
3,95,True,20.0,IGDFACCEADAAACJGGGHJ,IGJJJCFCGIBJACJGGGHJ
3,96,True,20.0,HBAAGEFDDEIAGDBJJJHI,HBAAGHBHIJJFGFHGJIHI
3,97,True,20.0,GBJCDHGBJIBEACGGBDAJ,IFBJHBGBDBGHHIGJBDAJ
3,98,True,20.0,IHEADEECCAGJDAGJGDHB,JAABAJEHGJIJGJGEHFDB
3,99,True,20.0,IGEBIHEJHIAJHIEHDHBC,IBAJBDDGGBAJIJGIAABJ
4,0,True,20.0,BJCBHDJHEAEEDFEHGEHD,CEEJIHDHBCFIIBAEAEHD
4,1,True,20.0,AFGGJIFDFAEDEDFJEFBC,EGJFDBJFDEJAJBFCGFBC
4,2,True,20.0,JJIFEIGJJIIGDIGBJIGB,JICDEIGJHEGEJBHBFIAE
4,3,True,20.0,JGHGGDIIAJCAGCHAHDGI,JBFIIIJHGBBAJBJAHDGI
4,4,True,20.0,CACABGCBJJBAHBHFDGJC,IIFHGEDGHGJAHBHFDGJC
4,5,True,20.0,FGEFDDAEHGJJIHGHFGIJ,FEEJHGEDGHABHBEHFGIJ
4,6,True,20.0,ACGABIHIHDDDAIDIDEGF,AAFEJFDIDBHIFBGCDEGF
4,7,True,20.0,HHIHDJBDJIJFEAAEJHIC,HIDGEJFEAAABDJAAJHIC
4,8,True,20.0,JICJEFHAEDHFFIBFFJIJ,JHFJEDCGFJIGDEJGGBHJ
4,9,True,20.0,FFEGBHAHCBBJCBHHEDAH,FFEGBDJIJIEECBHIBHEH
4,10,True,20.0,GBJGGCJAADCIEIBCJABG,JHIBGDCAJJFBFEJEIIFG
4,11,True,20.0,DJDEDIFHADIBGEEGJCJC,BJBHBAHHABAJBIACBADG
4,12,True,20.0,GCCJHIEEFCIAJDDDECHA,CDIJJFICJBJDHDECAJBJ
4,13,True,20.0,IDDEHIFIDHEDCFBJCABI,ABFGFJJFDBGECFBAAABI
4,14,True,20.0,AJIGIDJIAJFIJDDFDEEC,AJIGIHHDFIFBJBDIBGEC
4,15,True,20.0,CJJFJJJEAABHFEBDGFIF,JHEEBCBAAIBAJDEJAHIF
4,16,True,20.0,IHJIEBEEJGAHCHCBBBJI,IHJIEDIEDIBGJJEDCCHI
4,17,True,20.0,IJJDDDDDBHJEGADGFAEG,IGBHJBAHCIHDACDIEDII
4,18,False,,IJHIEFJEIADIIEHJJIBB,IJICDICIHIEGACHBEEEJ
4,19,True,20.0,EFFFCAGJJIBBDCGEAJEF,FJBHIIDEGAJGEGCHAFGB
4,20,True,20.0,BGFGFACJEGBCBEDGBJIC,EHAFDHFDIEBBAAAJFIFC
4,21,True,20.0,ECHJAJGICAGFAFEHGEBJ,IAEHDCIHJHGDIFEEHEAE
4,22,True,20.0,HCHHAIFEIDIBJDDIBJIC,JDJDEAEHFJEHFDIDDIDC
4,23,True,20.0,IGFGDABBDHEBDDDGBBHI,ICDIAAJHGJJCJGCGFBHI
4,24,True,20.0,EGCAHDIFBGIEDFDBBCCE,DIBDEGDGJCAGCBDBDBDE
4,25,True,20.0,EIAHIBEJDDFBIAIDICDF,EIJGJIHHIEEJAAABGCDF
4,26,True,20.0,FEDFHCCADGEIEDFIEJFG,FEIAHFBGJIDEBGAGJIEG
4,27,True,20.0,DDJGJJAGJGJHAJEBJEEF,BBBAHIICEBFABJFBJEEF
4,28,True,20.0,ICEAHEDBGEICEIEDABHA,IAJBHGBDDICBDDFDICDA
4,29,True,20.0,FBDCJGDHHHAIDGFJJJDJ,FJFBFFFFHGAEHEGEGIJI
4,30,True,20.0,CCHIHJBHIGGBHEAJJGHC,JEJEBFAHBEFDECEGDFHC
4,31,False,,JEBJGEABBABHFGDJEHJC,JJDJGJDBIIFAADGDBDIA
4,32,True,20.0,HJJBEGIICFDJCDCDEDFH,HJJDGIJGJBAJCJHGEBHH
4,33,True,20.0,DDCEHGEJIIACDGIGGCBD,EGJFFDGBAHABAJDJACBD
4,34,True,20.0,JABJGHDFHAACABFCHDFH,JAIIFACBFHBIFBHHDECD
4,35,True,20.0,BJCGGHJIFIJJHGFIHDCG,JJJABABBFIIABAJCGJHG
4,36,True,20.0,EJAAICEGACCDCEJAIHCA,IJJHGGEDGBGCDIJAIHCA
4,37,True,20.0,CBCEHHJHBJGAFJBBIDAC,CDIDDHJHGJBAJIDEHEGA
4,38,True,20.0,HFDJJEBIEGBBDAHIHDFJ,HFEDJCHAEHJDEJAIJBED
4,39,True,20.0,BBADCDHAAEDAIDAAAJJJ,BBAJJFBIJDGDIBAABAGA
4,40,True,20.0,JJDGDHAGEGDHIAJGIGBD,EJBHFBEDHJJHGAJGIGBD
4,41,True,20.0,DBFABAFJIHEFCCAIEHEJ,FIHFHGECJBJFCEFDJAGE
4,42,True,20.0,GGEDADAHGJFEHAEJJDBG,GGEDHBACIHDBAJJFDBGB
4,43,True,20.0,JACHCGADFEEEEEHIBJEI,JACHAFEEHIICDCHHDIDI
4,44,True,20.0,FBJBDEEJHEJDAGHEBFIH,FGCHCHCJBJGGJCJHIEGH
4,45,True,20.0,FFDJJIFBBFAIIBHHDGAA,FDIBBGAEICDBBJBADGAA
4,46,True,20.0,ACBIFJBIGIJEGEAFDEFI,ACHAABJBGJICEEAFDBCF
4,47,True,20.0,HIAGGBICHEBIDJEGIHDA,IFCHJAGBJEBBGJDJHHDA
4,48,True,20.0,IFJJBBAAADBJJGFAGBIC,GCEGJFAAAJBEJAFBAJFC
4,49,True,20.0,IEBFHJBEGBGJDEJEGFHE,IEBEJHEDFFBIJIBHIDAE
4,50,True,20.0,HFIJEFCIFDECCJBHACDF,BGJDIDIHFDEJIJBAAIDF
4,51,True,20.0,BGEIFEACADDDHHHFCGDB,BGJAABAJBBEGJFBJACDB
4,52,True,20.0,DEEGDIBBGBIDCEDIFCDC,JBCIEEJBJFGHIAIGFCDC
4,53,True,20.0,BAFBHIDHFEEDFDHEHFHH,IFBGBBCBHEDDFDHEHEHE
4,54,True,20.0,HDEGEFEEDGGCHIHFGIFH,HDEGBCFEJDCEEJBHJJCG
4,55,True,20.0,CGBCCACDIAAGBDICFAGB,CGDBDACDIAAGDAJHGHAB
4,56,True,20.0,FFCFIABHGBAICGIEACBE,DJBCFICEEEGAHFCFDIBE
4,57,False,,IECJHJEAIBEAGFDHIHFD,IEJABAHHBEAEJFDEFDFD
4,58,True,20.0,BGDHIGJJBJFGBEABAJIC,BGADGHDDIDFDFECHGGBH
4,59,True,20.0,EGDDEDAGDFIBDGECBDFG,EBFECBHCCHGDIDJDJDFG
4,60,True,20.0,HEHJEDGAFJEGACBADIEI,HEGJDGEJFEEDFDDGCGFI
4,61,True,20.0,JGCHGCEDIEBCFJJIFHFG,JJJCFHGDCBHCFJICDHFG
4,62,True,20.0,DFFJCIEBCGIIHJHHDFIF,EBGBDFFHBGIDHJGAIBCF
4,63,True,20.0,HEEJICHAECAHGJEABCHJ,EHFBABDDJDHDIDJCGHBE
4,64,True,20.0,ACCFICJBJIDJIIDJEGJH,ACHABFCFIFIIAEJDIEJH
4,65,True,20.0,BIIEIAIFBDHHIBDBFIHH,BIGBFIFFBDFDECDBAJAH
4,66,True,20.0,GHGIHACDGHADGEBBCFAD,BIFBFFEFFGEBDDIBJFAD
4,67,True,20.0,AHJDHDAICGIJICCHHCHJ,AJGDIDBCBEDIBJIHHEJI
4,68,True,20.0,IBEACJDIFFGIAGDJDHGH,BGJDJAJHBAJFBEFADGBH
4,69,True,20.0,CHAHCDABHACACIADEJBB,CHAGIFBJBAHDEHDHEJJF
4,70,True,20.0,JCBJJICIADJECIDAEBEG,ICDIGEJBCDJECGHIAGDE
4,71,True,20.0,ICEHECBEHBHHEFIAIAHJ,EAEADEGEHBHJBDEHAHBE
4,72,True,20.0,BJIDADCIIGCDGBBCACCE,BJBGJJHJJFEGABBCFGBJ
4,73,True,20.0,FBJFCAJBIFHHBHGGGDIJ,FBGBBFAEEEEJAAJBGDIJ
4,74,True,20.0,BEAJJDGGEFCDEDGAHBIE,DBIJIABFDJACCHAFECJF
4,75,True,20.0,DGIHEJAABIDBEBHIIEJF,DGJHDBABFBGJBHHIFDGE
4,76,True,20.0,GBJGIGDFIJDBGEFJGHDA,JJDEFDDGGAEHGHHBJAJA
4,77,True,20.0,HCBABGHBIFEIHHACHCBA,JDJAJDIDBIHBAABGJDJA
4,78,True,20.0,CCGCGEGHBJACECFEGEIJ,HIFCHGDJAIIFAAHAGEIJ
4,79,True,20.0,AAIJFCGIFHFACJCDDFAF,ABCBDBDAAHDGEEGJIJIA
4,80,True,20.0,DDFCBJJJIGHGADADFIIA,DDFHGCBHBACEAEBHAAHD
4,81,True,20.0,ACEAEDJEDAEGCBHIDFEJ,IIDFHBBGEGJDCBFABJEJ
4,82,True,20.0,BIFDIFJIDIAFCAAJDCEC,BIFDDFHCJIBCFCEGBDIC
4,83,True,20.0,CJCADJAAJEEJIDGBBCFE,AFEIJIAJJFEJEEEJBFDE
4,84,True,20.0,ADDGCBEJCEDGJECAAEGJ,CCFHEDJAEHDIGJDCFIIJ
4,85,True,20.0,EBEHGFECBDEJFIBHAIJG,EIJIAGIEFDBGECECDIEG
4,86,True,20.0,DIHHABJICAFJHJIGFBCG,BGIBBGDEJBHJHGGGFBIJ
4,87,True,20.0,DDECICFEHABIFJJCHCAC,ECIGJICAJEHCHCGCHCIH
4,88,True,20.0,DFJBBBJFIDDAJFJIJHHH,EDCJGIEFDIGJBDDIJJGD
4,89,False,,GJHBJDBCDDBAEJFJGFFG,DEHFDBFCGJIGAGABGEGA
4,90,True,20.0,GJEEIAGJECFHHGHFJHHJ,BBGFHEEJEEEACBHFJHHJ
4,91,True,20.0,HDDJEJIBGFBAFHDJGIEG,HDDJEEEIJIAAHAABEGFG
4,92,True,20.0,HGGBGEJCHHAFIFHEDHFC,BAHICDFHCBAFDEHGCDHF
4,93,True,20.0,DBFCCGJJBCEHDJJGHFGI,FJIAJGHIJIBDJAJGHFGI
4,94,True,20.0,FBCEDGGADGBAIGCGDGBF,FBCEGAGADGGAEGAIAJIE
4,95,True,20.0,AGHJIHIBGCHAIECIFBHE,AGHJIEGAABFIHGDIBCED
4,96,True,20.0,AIGBIHDEAEDDFEFFAGAC,EBFFBGEHFEIJBIFFAHFD
4,97,True,20.0,AAEEFADBJDBAGHJBBJAJ,IGAEFAIJGCDGJBJIJIAJ
4,98,True,20.0,JIEIEJIBFHIBGBEAGIDJ,JCCFJHEGGHIBGJHEGIDJ
4,99,True,20.0,AGJJDGFBFEIHDBBBABCG,AGEGJBHBAJBDIGHBABIJ
5,0,True,20.0,JBCCIIFICEBEHAIHBGBH,IBIJJFEJFDBBIHDGEGAH
5,1,True,20.0,HCBECDCAEGCBFADDGHJC,JDJECBJBHGCBDFJJFHAD
5,2,True,20.0,CFJJIFHIGEFIICDDBCDH,CFJICADGAICDBFGCDIBC
5,3,True,20.0,GBJDHEABIGDFFEDJJDID,GBACHIGGBBFFFIJIJDID
5,4,False,,HHHHBFICCAIIHFIHIHEG,EHFFHIIICIABJFADGGEG
5,5,True,20.0,BAACFEBGEJFICFBFFDEC,BAACFEBAJGIAICHIGDEC
5,6,True,20.0,ACIBDCBGJGCBCDBHJCHD,ACIGJEHFFIIBDJEBICDI
5,7,True,20.0,FGCGCGIFABCHDEEIHGFB,EEFDDCJIFBJFIGIJBAHB
5,8,True,20.0,IHEEJJFJJGCCIIIBHEHF,JBJEJBGIGJGHBFGJHGHF
5,9,True,20.0,BHGGCHDBDDFDJBHFHBJF,BEHFCDHBBAJCBJBEDAJF
5,10,True,20.0,JECDIHEBEAAAAAFHHHJI,DFJBGCHFHEJDIGAHEHJI
5,11,True,20.0,DGDJDDJIDDDBICBHCBCE,EEJHGFCGHGCGBCAABDEH
5,12,True,20.0,DDJCGEIFGIIJJDJBJGFF,DADGGJACBAEGCCEFCHFF
5,13,True,20.0,CBJAJBEGCJIFEEEDDFBB,BIGAJFBEIGJBJBBBBCBB
5,14,True,20.0,ICCAEGGGEBAGIFGJEIJJ,ICCFBAEJBFFJBJJABIJJ
5,15,True,20.0,HHJFGDGCHAGIFDEEJGHC,HHJGIJBAHFEEJBHBEAHC
5,16,True,20.0,JIBJFEBJBFHGCGCCAGIF,JEEJBGIAIEAEBEIIDDIF
5,17,True,20.0,BHHBHICJEHBFBABHIDBC,BHHDIBBHFEFFIICDIDBC
5,18,True,20.0,CJEICBGGFEDBIFBJABEI,CEEEJGGGFBEADADHBAAH
5,19,True,20.0,AEHDBFDBJEFGGDHDADAH,AEHFHDJBEDDCBBCDHBAI
5,20,True,20.0,DABAIDIJCHHCACGGHECJ,DABACIHJFCJJJCFHAEEC
5,21,True,20.0,CJIBAIDFEDFCAEICECIG,CEGAAIEBIEBIJEGJABIG
5,22,True,20.0,FFDHFFIBFBEGHIIGCGIC,FFDEDGEEJAEBAIIABIEG
5,23,True,20.0,DAGGDIIGDJBEABCEHEAF,DAGBDDGEJFDIAJEBGEAF
5,24,True,20.0,HHGABCACCDEGIFHGGBJC,HHGAJHGHCJJEIIHFCHAA
5,25,True,20.0,EEGBEBJJDCIJJECICIIG,IEGADHGHBHIEGAJEEHDG
5,26,False,,JIBJCCBCCFDEHHAIFBGF,JJFFEBCABJBHBABCBJCB
5,27,True,20.0,FIBICFBDJDDHDFAEHCAI,FIGJFHBBGCHFJFEACBHI
5,28,True,20.0,AIBJBHIGADAHEEIHDFGC,EBBIJGDEHGAEADHDABGC
5,29,True,20.0,CHCEIIFFEGAEAADFAHDF,EEEEHJFHDEGBJIADHDAB
5,30,True,20.0,CDJGADGDAJDFAHDECBAA,IGHDABEDAABJIHDECBAA
5,31,True,20.0,CCBHBBJEIGCDDGEDBHEF,CCDIDJBHIGEGHEGEGJFF
5,32,True,20.0,GGFEIDFDHBJJGDFFFCEH,GGFGFJHGHGJFDDFFFEED
5,33,True,20.0,JGGIFJFBHHDCCGAFCBFB,JGJHIJADFFFEEDFJDJFB
5,34,True,20.0,BCIHGDDFJFIJCADJHDJJ,JGJGBHCFHEGGAIICDIAE
5,35,True,20.0,IDFCAIHHDIDEBHHHIAHB,IDHHIADGBADEBHIBDDHB
5,36,True,20.0,BCDJIAJGIFADGHABJHDC,BDJEHEJJIGGBHHEEJAJC
5,37,True,20.0,CBIHJBIHCACAICIEJDDC,CBIHJBIJJFGFDIDEIICC
5,38,True,20.0,FGBGGHHBFJEBDAJGIEBG,FDIEGEGJBCJBDAJDEJAG
5,39,True,20.0,CFCBAIAJBBFFFHDBHFIG,CFCGFCBIEIJIHHDBBFAG
5,40,True,20.0,GGIBDFHICGJIIBEFJBJG,CDIBDEJJFJBJDHEHDEFB
5,41,True,20.0,BABBCDADIFEIJDGJJHIA,BAGCHBJCBFDHJDGJJIHD
5,42,True,20.0,JDEDBEIHECIAIFJGDHEB,JDEHAADGDGIJDEJAJHGH
5,43,True,20.0,BCAGIGHHGEEBCHJJFBAC,BICIHGHHGEEIIJHBCCEI
5,44,True,20.0,FHHIFGJEGEECIBHGBCDC,EHEJEDIHDJBCBJADEIHC
5,45,True,20.0,BAFEBDJBBBJDJAACIGGD,BAFHGEGEEEEGJAACIGGD
5,46,True,20.0,GICJEGFJJGHFAJIIJBJD,GEEJHGECJGJJEJBDIAED
5,47,True,20.0,IJHEAIIJIJCIEEJEHFAC,IACBDEBBGHDEIJIEJDCC
5,48,True,20.0,GGBGHGEDFEEEJDBBBCHJ,GGBBGDIDHDDJEJBEDBDI
5,49,True,20.0,BIHEHJBHJDDGBHCFCCII,BJEHFJHEDJBHJHCDFIID
5,50,True,20.0,GFCIJCACFICFAIBHEFHI,DEBGIIFCJJFBHIBHIBHI
5,51,False,,GIBHDGCHDGDJJEGBCIFE,DFHGJJAGJCFDJGCGHBFE
5,52,True,20.0,JAECGCACAGIJEIAGDBFB,IGJCBIFBBBAJAECJCBGB
5,53,False,,GGBGEHIJDHBEAFCIIADF,GAJDIDEEJGDABGAIHDDF
5,54,True,20.0,EEGCJDHEEBHCBCBHAJHE,GIGGCHEEJDAJHACJFDID
5,55,True,20.0,GCADBDFCHJFIHCGAFGGG,GCADBIJGIDEEFEBIJIJG
5,56,True,20.0,HFFCADBBHCCJBFADEICA,HFDAEDBCEEJJBGJBDIGJ
5,57,True,20.0,HCEDBFDFEHECHDHFBEIF,CHEIJIEJAGBGAJHFBJAC
5,58,True,20.0,CHIGFBGDDAAEJGDHEJEA,CJCBFBGDDIBGBHHEIJFA
5,59,True,20.0,EGDHGJJEIAADHHEICIIC,FFJHGEEIHDHIJGIAEIIC
5,60,False,,CDDEDEDHDIGDFEDGDFAF,JHBAHBGHBDIGHDBAJIDA
5,61,True,20.0,GGCGGFDFEBHGEFEEDFJB,AEEEHDJBDBFDEHHFBEDB
5,62,True,20.0,BCEFFBDHJHHIGJIAAEEF,BJHGHBAIJHJCCDIFBGJF
5,63,True,20.0,DAEJDIDHBBEBHAHIABAB,DAEJDJBJCEDACBDHDBAB
5,64,False,,AAAAGCFACCIJIBGEICEJ,AAAAFFFACCAGDAGCHAAG
5,65,True,20.0,DCAJCIBDEEFECEICHEJJ,DIAEHJBIIBAJEGDCHGEJ
5,66,True,20.0,BGDFBFHIIIJBCFECIBDE,BBBCBFAABIEDGGDEGADE
5,67,True,20.0,BIJCFECBCAFAJEBIFACI,BCFEBCFEGEJDABBIFACI
5,68,True,20.0,CGGCJCCFAICBAHAHDHIC,JEDIIDDJFEBBAHAHDHIC
5,69,True,20.0,DDFAJIHGFJFFICFAAEEB,BBGIHHEIIJHGFHEIGBBG
5,70,True,20.0,AADFCGIGJEEBAJICIBHH,AJGAABEIJBFJJFJHIBHH
5,71,True,20.0,FAJDEAGEACCFECIFFEJH,FAGGJBDEAFGDAEHFBIJH
5,72,True,20.0,GDAIIBEJGGHIAGIDDBCH,GBHCJGGIIHHIJJEFHFBJ
5,73,False,,IACDDAIGDHGFBHJIFCAB,HDADBIHDEJIBHFEEDBBG
5,74,True,20.0,CFBIACAFDJBHACCCAJCG,CFBCBAHGEGABDJACAJCG
5,75,True,20.0,BJFEACAJHEADDBHJHIAD,BJFEAEEJHCHIGAHJIHDD
5,76,True,20.0,IHDFGDIIDDIBFAACHIBF,JBJEJAAJBADGJAACJHIB
5,77,True,20.0,EDJFDDDAJEJJIAJICICF,EDJFDIGJBEHBJAIBHEDF
5,78,True,20.0,IIIIEABDCHBCGDCEHJII,IIIIABFBGCADIBGEHFDH
5,79,True,20.0,GECEEJFFFFHHBGHGABID,GJCHADGFEJABAEEABFID
5,80,True,20.0,ICGHAAHBEJCHBIGIHEIB,IHDACAFDEAEGAJIEGEHA
5,81,False,,HJJCBBBFCCIFBHIHCFDF,HJJCBJFIAHIDAHFEJABC
5,82,True,20.0,IBHDFHCDHAAJIICGHGHF,IBACJJFEBIJAJBGEGAHF
5,83,True,20.0,JGDDDEGAJGCGJAIEHHIH,JCHCIHGAJBAHHEDGAIBD
5,84,True,20.0,IEEDBEJGGBIBDBFAHCHI,EADHAEJEBFDDCFDEHDHI
5,85,True,20.0,BDIAJCDIJHBBHJHDIGAC,BDBAACFEEHGCHJGBGAAB
5,86,True,20.0,EFECIDDHGBHJJABICGBD,EHGJEABGCFJBEJBHJEBD
5,87,True,20.0,BCBDHGFBGAICFHICFCAC,BCBDBAGEHFEHFIHGHDEH
5,88,True,20.0,CBJJCHACFFHBDFJIIDIH,BCCEGDAEIEJADFJICIHH
5,89,True,20.0,AHBECCBEICBBJGBIGCCI,AHBEHGIEFDEBBIFBGGAI
5,90,True,20.0,JBEGBDCHGHEJACJJIICE,JEEHBDCHAFIJBCAFJJFJ
5,91,True,20.0,CJIDFJDADEDEJAJECAEA,CJCEGBHDIJEADGJFEEDI
5,92,True,20.0,GDHDBBHDHIBJEHHGFCAA,CDJDCBJCDGGJHGAGDAEA
5,93,False,,BJHDIDJCJAEBJIIBIBBA,JHIIIAEEJHEGFHEIEDGA
5,94,True,20.0,IAIHDFICGJIAIBFJJBBG,CDFFFDHCIACBFEBFCFGI
5,95,True,20.0,IJGCDGEEAHJEDHIAGCHJ,IJHDEIJIJHBGJHIBCIGI
5,96,True,20.0,IEFDGABEEJAEEJEGICJI,IEFDGAIIFEEDDIBAAAJI
5,97,True,20.0,GBJFAADFIBEEIJFEJGEH,GBJFAEHAFEGIEJBEDGEH
5,98,True,20.0,BIHJHAIBFHJIBCDGGDEB,BIGGAIHDIHDBABAAGDEB
5,99,True,20.0,JEEEFGAIHBJJCIAIEBEH,JIJHIAHIBJADFDHBEBEH
6,0,True,20.0,AAEEHHDFHDEFCCCAEAJF,IGFICEEJCAAJHGGDGDBF
6,1,True,20.0,EJFIEGJDHEIHHIHCEGAJ,EEEFAIHBAJHGJIEDIGAJ
6,2,True,20.0,FJDGBJJCBJGJCCHECIFI,FJEEEHFDHAICHADFCBAJ
6,3,True,20.0,HIAGAAJFHACFHIIGIFJG,HIJGAHEGAAJHGHEJJFDG
6,4,True,20.0,CICJFCGGJACBHGAFJBDD,DFBAGJIDCIGJIJJJJBDD
6,5,False,,HEJGCIIFEBGEGHAHJGBH,HEJHIFDIDBBAHHBAEGAH
6,6,True,20.0,IEAIHDEFIFEHDGCBFJHC,IEAIHDBJHBFHHEEDCAHC
6,7,True,20.0,AFFIJCDABGFBIFFEBJDD,AFFIHDDAJBFEGBGCADDJ
6,8,True,20.0,IHEIJCJIIGJJJBAFJHHF,JBJBDEAJBEIIAEAAJHHF
6,9,True,20.0,HGJJHJJGBEAFAFDFCFFJ,HGJJHJCECDCBAADFCFFJ
6,10,True,20.0,BEFIFICJEEBEIHGCFJAI,AJBAHCHFEEBEIHFFFJAI
6,11,True,20.0,JEDFGADIBHAAAEGAEAAF,IDDHFBAFFEEJHIFEEAAF
6,12,True,20.0,EJHJDBBCFDEECCICHGID,EJGBJBFHGEHECABGJBCB
6,13,True,20.0,EFAABEHIAIBDJBGFHJJE,FDGIIAEFBAJEGJBHHJJE
6,14,True,20.0,JAFEAIAIBCJEFADDJEBE,JAFFEBDEAJFFEJAGEGBE
6,15,True,20.0,BICGGGHFCDJCDJDBHCHC,BCDJAGHDFECBJEJIAIHC
6,16,True,20.0,FAAJGDFDGEDECHEGAEAJ,FIGAEEBIGIJHGAGHEGAG
6,17,True,20.0,BHEHIAAJCDJEDIHEEJDJ,JJFCEBIHFHDHDDIDEJDJ
6,18,False,,DADCAEEFIDHJIBIEEIJH,DAJJDFHBEFGJEJCBFGJH
6,19,True,20.0,AJIEJJDCAEIJCFDJBCJE,HEHEDHDJDJHDABDJBCJE
6,20,True,20.0,FCCHJBEHAABDGBEFFBHI,IAEJAGFFHGFAJEDICBHI
6,21,True,20.0,HJGIFBEBBACADFBICEFF,HJJHIBEBHAAAABDDJFDG
6,22,True,20.0,GAJDAGBAJEJHIEHDJEIH,GAGGGGGBCGBDJIIJGBHH
6,23,False,,FCEJDDFAGFJADJBCBIBI,FCIAEDBABEDEGJFDBIEG
6,24,True,20.0,AEHAAECBIHGIGAEHFBCC,AEJCGFFFEJEEIDDJFDBD
6,25,False,,BGIFHGEBJJJGJFFICGBF,GCIBDBAJJDEJHEDIJAJF
6,26,True,20.0,JABBFBHEADEGIEBEBJEI,JAFFFFEFABBGEJJABJFI
6,27,True,20.0,ICGBDGBBABDBEFEGAJFF,CGBACBGJBFDJAGIGAJFF
6,28,True,20.0,JFHCEEHAHIBFBIDAJAHB,HDHFHGADBAHFBAJAJAHB
6,29,True,20.0,AJICDDEDIDACAHBGIIFC,EBGCHGGBHBHGIIBIHIFC
6,30,False,,GJFBGAJHEDBJGCCCJDCE,GBEDBHIIAEEFDEDGBGDI
6,31,True,20.0,BGGDFFJFJJFJDIGHACCF,BGBBCDEJAADEEFDJCJJF
6,32,True,20.0,HAHHDBDEEBHAIDAGBIEB,HAHHDHAABBFIDFHDJIIB
6,33,True,20.0,DFHBJBJIEGHEHJAJEAGA,DEJABICHBHIBGJJBGAGA
6,34,False,,GCGAGHBJFJFIBGHIHEDA,HHAEEHEFDIJGEEEJAJBA
6,35,True,20.0,HHJEJAECBIBJBHFCCCJJ,HFCFGBDIIHAJJFEBGHBE
6,36,True,20.0,DGFFHAGFHJGEIEGCHIHE,JBHFHAFEIIIBEDHFHJBJ
6,37,True,20.0,BHCIEEJBGGACEEIHDDAG,BGBJIEGJFCFJBHBAJDAG
6,38,True,20.0,BFGGEGAEAJAFHJCEJAIG,BDJADHEGAIHBDEDGJAIG
6,39,True,20.0,AHCACHJCBFACECJGDJGH,AHEGABICBBBJEFDCEDCH
6,40,True,20.0,DFIHJBFCJCIGIDGCCHJE,IAHHJJFBGCFDFFEGJFCG
6,41,True,20.0,EEEGJIHGGJABEIHIBDGI,EIJIJIHHBEBHHGHDBDGI
6,42,True,20.0,BBABGCIIIHHFCCADIAHC,JJAIACBGGJHFCCABGAHC
6,43,True,20.0,JAJEHBCIJFJAJEBJIIAC,JJHEGJFDEGEJBGJJJAAI
6,44,True,20.0,BCBCGDIFFHADJJFHFGGJ,BCBIJDIFFBEDJFDGEHIJ
6,45,True,20.0,BFDCAADJEBAIAHCJFAAI,BFBJBHJBCFDHBAAJFAAI
6,46,True,20.0,DJCBBJGIHDBEIGFFJHAF,AEJAIIDADGIBGGFFBGJF
6,47,True,20.0,IEBIBHIDDBEHBGDDJEGB,GBHIFHIAIADGJCEEGAFB
6,48,True,20.0,DIEEEFCJFCFDCIIBJIBD,DEADEFCJFIHDHHDCIHDG
6,49,True,20.0,AAAEIBIAJAGDGFAFCAFE,AIGAIEGAJAGEGDIJIFIA
6,50,True,20.0,ECCBFJGIEFAAFGHCEEDF,EGEAJFFJBDJICDABIGJF
6,51,True,20.0,HFJDIBIBDJCACBEIEIDA,HFJDIEGBHHEIBBGADGBA
6,52,True,20.0,FDACJCFDDHHCBDHHIGBJ,FDACJIFHBGCBGCHFHEDC
6,53,True,20.0,EJADDEDIBIGEFBBJHDHE,EGBHJBAHBAHBJGCHIJBJ
6,54,True,20.0,EEFGDEBABAFJAFCAAJGE,IGBEJCEEEJEIGJBDIGGE
6,55,True,20.0,DEEHIFCHGBGCACGGCGGA,JHEJHBHEFEJHGHCJJFFA
6,56,True,20.0,BBDGACEEIJGHJGIHAHGF,JFDGJIBHIBCDAEGBJBAH
6,57,True,20.0,HFIDJIGIJDHGHEDCIIDJ,BFAHHEGIHJBAJIBBGFDJ
6,58,True,20.0,EIDCHIGIBDGBCDIBAFDI,GFDEIBCIFBIIFDIBAFDI
6,59,True,20.0,DEEFDBJJJGDEDFEGDDBD,AHEDHFBAAIHIDBIGDDBD
6,60,True,20.0,BCIJEHIHFIJEJHHFCACI,JEJGJFHDEACGJHHJHGAI
6,61,True,20.0,BACDFABBACAFICFJCFAB,AJBAIIFBACHGJHIBBHAB
6,62,False,,HBBGBJJFHHHGIHACDDEH,EJAGHDIDHFDGEHIFBBEH
6,63,True,20.0,ACCGJFHBJCIEJCIHEGGG,AEHFBCFHDJHGGAJHGAJB
6,64,True,20.0,EABFGFDBBJHGDGDCCJEA,ABGIHCEGGIFBEEHEJGJD
6,65,True,20.0,CEJHJABIAJJBBACIAJIC,CEJHJAFFFFHDDJCIAJIC
6,66,False,,HCBEGCEIFEIGGGHIFJEI,HJCGDFHCFIFGAEEABFFG
6,67,True,20.0,DIAIDFHFJBDCEHIJHJGE,DDJEBAEJBHDBGCIJHJGE
6,68,True,20.0,HCHDBBJHDEGIHEHEFJFD,HBAJGBJBGJJHIIHCAHFD
6,69,False,,IEIJCABCGGDBDGGBCHCA,GBHBEJAJBHBAJHGDBAAA
6,70,True,20.0,BGEGBCAGJCBDDFFFCIEC,BGJACJHBFHBGGFDJFAEC
6,71,True,20.0,DIFDGEFFJEECCDAGBCDJ,DCGIGCCIHGECCDAGBCDJ
6,72,True,20.0,IFEAAFJDHDFEFGCIBFBC,IFEIGAHJJFFDCBABGGBC
6,73,True,20.0,AICHJHCGGHJJAGGFAIFH,EBBGIGGJCBGAAJBHABIH
6,74,True,20.0,DHBHEAJGGBCGDBFDJDGI,DHGIIBEDHIDIDHFDJDGI
6,75,True,20.0,ADDBJJFEBFJFJEGEADFH,GABIFEBDBCHIGEDIBHEH
6,76,True,20.0,DBAFCDBGEJFGEDADBCID,DJHBHABFEADJJFIJIHGD
6,77,True,20.0,GDJCAHGIADJFHAFCFFCG,GADGBBGFBCBDHFDEGJJF
6,78,True,20.0,FGACCBIBBHAABFBEDHIA,EBFBEFFAHHAABFBEBGCD
6,79,False,,CJBIDBEBJDIECICHCFDF,EEDIJGIFCGEJHIDDBDDF
6,80,True,20.0,GFIFEHIGCEADJJABHFFF,GFDEJAJGBJGIIJICDFFF
6,81,True,20.0,CCEHACJIBEADDFCFFBCJ,ABGGAEADEHGEEJJBAHBE
6,82,False,,IFCFGFCAGCEJDDFAGFBI,IFCFGFCHEDDHFFCGIFBI
6,83,True,20.0,JJAFHBBHAIJEEBEJBBDA,JHIFEEFAEBBFHGBAAGJA
6,84,True,16.0,HADHCEDBEDGCJDBJHGBA,HBGCHEAHEGADBAACHBJA
6,85,True,20.0,HJIICDBIJIIGHEJCJHED,EBGABDHBDDBAHEJCEGJF
6,86,True,20.0,GDECBGFFJGFDDBGBECHD,GDECEJHEBEEJBHGCHICI
6,87,True,20.0,JGGDJBDJAIIEIHCIHCBJ,JGGDJBDJACIHIDHJJFFD
6,88,True,20.0,IBJFGHEEEIAFJIGIHBAF,IBJFCEBFABIAJIGIHBAF
6,89,True,20.0,EDEJEFCJIJDJJCIIAIHA,EBBGHHCJCBAJJFJEFJDC
6,90,False,,FCFFGBJJIDDBEIEIHBCD,FICDIIFJBCEEJBCFDBJD
6,91,True,20.0,ABHEJFHCADJDIJJHFGGJ,AJHEBGBDEJCIIJJHDJAJ
6,92,True,20.0,EBHIGGFJDEBCJGGGIDDE,IEGIBBHJDEBCJHGDABFG
6,93,False,,GAIFHJIFIECCGCHACJII,GABIEEEIHDEGEECCIGBH
6,94,True,20.0,HBHADDDEAGIBDGBFGIEG,HBFFJBBFAIIDHDJFDFHG
6,95,True,20.0,CHBBAEIAIFGAGFDDFDGE,IAEFDIBHIEJCGFJJFHAD
6,96,False,,GACIDJIAIHFHBDDBFHAA,HDFHBEAEGBGDBDHADACA
6,97,False,,IIGCEHFACDJGEDEDBIHD,CJJFDHFCFFEBFFBBGFHD
6,98,False,,DAFBCDDGHEGDICJGCDHC,DAFIEJBBGEHFDHFHGDBD
6,99,True,20.0,DJEAHIGFCFHICCABFJJE,CIFBCFBFCFBBIHDDBJID
