-1.400000000000000000e+01,8.755457544468430526e-12
-1.300000000000000000e+01,1.217714655198289856e-10
-1.200000000000000000e+01,1.569027775999483392e-09
-1.100000000000000000e+01,1.860676839250166871e-08
-1.000000000000000000e+01,2.014931768402461946e-07
-9.000000000000000000e+00,1.973727812931335526e-06
-8.000000000000000000e+00,1.728623028974088347e-05
-7.000000000000000000e+00,1.334006712378194405e-04
-6.000000000000000000e+00,8.901920456015921003e-04
-5.000000000000000000e+00,5.009232695603795665e-03
-4.000000000000000000e+00,2.295198036154147414e-02
-3.000000000000000000e+00,8.131362801979719057e-02
-2.000000000000000000e+00,2.050241725109335222e-01
-1.000000000000000000e+00,3.173108356149396680e-01
0.000000000000000000e+00,2.274352214533018057e-01
1.000000000000000000e+00,9.974691382986779209e-02
2.000000000000000000e+00,3.101847651405962789e-02
3.000000000000000000e+00,7.429636344770301597e-03
4.000000000000000000e+00,1.443495306699156674e-03
5.000000000000000000e+00,2.356104119987725029e-04
6.000000000000000000e+00,3.313244273645021728e-05
7.000000000000000000e+00,4.090902877768995205e-06
8.000000000000000000e+00,4.500787761571177009e-07
9.000000000000000000e+00,4.464494973572804089e-08
1.000000000000000000e+01,4.031294881626116179e-09
1.100000000000000000e+01,3.340231231024171869e-10
1.200000000000000000e+01,2.556815466715817000e-11
1.300000000000000000e+01,1.818480461001256577e-12
